{
    "F1": {
        "raw_pre": 0.0,
        "R&B": 0.0,
        "Ext": 0.0,
        "Fil": 0.0,
        "R&L": 0.0,
        "E&F": 51.5,
        "time": 2280.2103090286255
    },
    "LONGACC": 6.043478260869565,
    "RBACC": 0.0
}