{
    "F1": {
        "raw_pre": 0.0,
        "R&B": 0.0,
        "Ext": 0.0,
        "Fil": 0.0,
        "R&L": 0.0,
        "E&F": 54.5,
        "time": 2811.213544845581
    },
    "LONGACC": 0.008695652173913044,
    "RBACC": 0.0
}