{
    "F1": {
        "raw_pre": 0.0,
        "R&B": 0.0,
        "Ext": 0.0,
        "Fil": 0.0,
        "R&L": 0.0,
        "E&F": 54.5,
        "time": 2837.451604127884
    },
    "LONGACC": 1.2695652173913043,
    "RBACC": 0.0
}