{
    "F1": {
        "raw_pre": 0.0,
        "R&B": 0.0,
        "Ext": 0.0,
        "Fil": 0.0,
        "R&L": 0.0,
        "E&F": 41.5,
        "time": 2491.1506571769714
    },
    "LONGACC": 1.0506329113924051,
    "RBACC": 0.0
}